{
  "pedidos": [
    {
      "id": "1",
      "nomeCliente": "mário",
      "itens": [
        {
          "nomePrato": "lasanha",
          "descricao": "· carne com queijo",
          "observacao": "· sem ervilha"
        },
        {
          "nomePrato": "salmão grelhado",
          "descricao": "· aspargo ao vapor",
          "observacao": "· sem molho de manteiga"
        },
        {
          "nomePrato": "salmão frito",
          "descricao": "· aspargo com molho",
          "observacao": "· sem molho de amendoim"
        },
        {
          "nomePrato": "salmão frito",
          "descricao": "· aspargo com molho",
          "observacao": "· sem molho de amendoim"
        }
      ],
      "preco": 69.98,
      "horario": "2024-10-24T18:40:00.000Z",
      "status": "pedido finalizado",
      "numeroPedido": 1,
      "tempo": "7515 min",
      "entregador": "Hugo Prado",
      "endereco": "Rua Rainha Maria Stuart, 139 - Vila Regina",
      "cpf": "490.883.748-13"
    },
    {
      "id": "2",
      "nomeCliente": "joão",
      "itens": [
        {
          "nomePrato": "tilápia com limão",
          "descricao": "· peixe sem espinhas",
          "observacao": "· sem espinhas"
        }
      ],
      "preco": 29.99,
      "horario": "2024-10-24T18:45:00.000Z",
      "status": "em preparo",
      "numeroPedido": 2,
      "tempo": "1398 min"
    },
    {
      "id": "3",
      "nomeCliente": "joão",
      "itens": [
        {
          "nomePrato": "tilápia com limão",
          "descricao": "· peixe sem espinhas",
          "observacao": "· sem espinhas"
        },
        {
          "nomePrato": "salmão frito",
          "descricao": "· aspargo com molho",
          "observacao": "· sem molho de amendoim"
        }
      ],
      "preco": 29.99,
      "horario": "2024-10-24T18:45:00.000Z",
      "status": "pedido enviado para entrega",
      "numeroPedido": 3,
      "tempo": "1398 min",
      "entregador": ""
    },
    {
      "id": "4",
      "nomeCliente": "joão",
      "itens": [
        {
          "nomePrato": "tilápia com limão",
          "descricao": "· peixe sem espinhas",
          "observacao": "· sem espinhas"
        },
        {
          "nomePrato": "salmão frito",
          "descricao": "· aspargo com molho",
          "observacao": "· sem molho de amendoim"
        }
      ],
      "preco": 29.99,
      "horario": "2024-10-24T18:25:00.000Z",
      "status": "pedido enviado para entrega",
      "numeroPedido": 4,
      "tempo": "1492 min",
      "entregador": ""
    },
    {
      "id": "5",
      "nomeCliente": "joão",
      "itens": [
        {
          "nomePrato": "tilápia com limão",
          "descricao": "· peixe sem espinhas",
          "observacao": "· sem espinhas"
        },
        {
          "nomePrato": "salmão frito",
          "descricao": "· aspargo com molho",
          "observacao": "· sem molho de amendoim"
        }
      ],
      "preco": 29.99,
      "horario": "2024-10-24T18:45:00.000Z",
      "status": "aguardando entrega",
      "numeroPedido": 5,
      "tempo": "3187 min",
      "entregador": "Geraldo Cruz"
    },
    {
      "id": "6",
      "nomeCliente": "joão",
      "itens": [
        {
          "nomePrato": "tilápia com limão",
          "descricao": "· peixe sem espinhas",
          "observacao": "· sem espinhas"
        },
        {
          "nomePrato": "salmão frito",
          "descricao": "· aspargo com molho",
          "observacao": "· sem molho de amendoim"
        }
      ],
      "preco": 29.99,
      "horario": "2024-10-25T18:52:15.454Z",
      "status": "aguardando entrega",
      "numeroPedido": 6,
      "tempo": "1628 min",
      "entregador": "Claudinei Santos"
    },
    {
      "id": "7",
      "nomeCliente": "joão",
      "itens": [
        {
          "nomePrato": "tilápia com limão",
          "descricao": "· peixe sem espinhas",
          "observacao": "· sem espinhas"
        },
        {
          "nomePrato": "salmão frito",
          "descricao": "· aspargo com molho",
          "observacao": "· sem molho de amendoim"
        }
      ],
      "preco": 29.99,
      "horario": "2024-10-24T18:58:57.905Z",
      "status": "aguardando entrega",
      "numeroPedido": 7,
      "tempo": "3062 min",
      "entregador": ""
    },
    {
      "id": "8",
      "nomeCliente": "ana",
      "itens": [
        {
          "nomePrato": "tilápia com limão",
          "descricao": "· peixe sem espinhas",
          "observacao": "· sem espinhas"
        },
        {
          "nomePrato": "salmão frito",
          "descricao": "· aspargo com molho",
          "observacao": "· sem molho de amendoim"
        }
      ],
      "preco": 29.99,
      "horario": "2024-10-25T19:17:29.212Z",
      "status": "aguardando entrega",
      "numeroPedido": 8,
      "tempo": "166 min",
      "entregador": "Claudinei Santos"
    },
    {
      "id": "9",
      "nomeCliente": "Kauan Batista",
      "itens": [
        {
          "nomePrato": "salmão frito",
          "descricao": "· aspargo com molho",
          "observacao": "· sem molho de amendoim"
        }
      ],
      "preco": 115,
      "endereco": "Rua Rainha Maria Stuart, 139 - Vila Regina",
      "cpf": "490.883.748-13",
      "observacao": "sem maionese",
      "numeroPedido": 9,
      "horario": "2024-10-26T21:59:40.709Z",
      "status": "pedido finalizado",
      "tempo": "5 min",
      "entregador": "Claudinei Santos"
    },
    {
      "id": "10",
      "nomeCliente": "Gustavo Sobrinho",
      "itens": [],
      "preco": 115,
      "endereco": "Rua Rainha Maria Stuart, 139 - Vila Regina",
      "cpf": "258.189.438-52",
      "observacao": "sem batatinha",
      "numeroPedido": 10,
      "horario": "2024-10-26T22:30:59.298Z",
      "status": "em preparo",
      "tempo": "0 min",
      "entregador": "Hugo Prado"
    },
    {
      "id": "11",
      "nomeCliente": "Kayque",
      "itens": [],
      "preco": 115,
      "endereco": "Rua Rainha Maria Stuart, 139 - Vila Regina",
      "cpf": "490.883.748-13",
      "observacao": "",
      "numeroPedido": 11,
      "horario": "2024-10-26T22:22:11.927Z",
      "status": "pedido finalizado",
      "tempo": "0 min",
      "entregador": "Hugo Prado",
      "tempoEstimado": 20
    },
    {
      "id": "12",
      "nomeCliente": "Mariana",
      "itens": [],
      "preco": 115,
      "endereco": "Rua Rainha Maria Stuart, 139 - Vila Regina",
      "cpf": "490.883.748-13",
      "observacao": "",
      "numeroPedido": 12,
      "horario": "2024-10-26T22:24:50.692Z",
      "status": "pedido finalizado",
      "tempo": "0 min",
      "entregador": "Geraldo Cruz"
    },
    {
      "id": "13",
      "nomeCliente": "Vitor",
      "itens": [],
      "preco": 115,
      "endereco": "Rua José Martins de Araújo, 13 - Jardim Marmarita",
      "cpf": "479.765.218-70",
      "observacao": "bfsdhbvgdsbkjvdfbdfbfd gnkjn jkaeb j befwd nfkjebwkj bnwb wkb whjb b wbk wbk bkjb kjb kb kjb jb jb kjb k bkb jb kb kb k bkb ",
      "numeroPedido": 13,
      "horario": "2024-10-27T18:50:05.022Z",
      "status": "pedido finalizado",
      "tempo": "0 min",
      "entregador": "Hugo Prado"
    },
    {
      "id": "14",
      "nomeCliente": "Thayna",
      "itens": [],
      "preco": 115,
      "endereco": "Rua Rainha Maria Stuart, 139 - Vila Regina",
      "cpf": "471.711.778-66",
      "observacao": "sem maionese",
      "numeroPedido": 14,
      "horario": "2024-10-29T00:29:19.597Z",
      "status": "pedido finalizado",
      "tempo": "11 min",
      "entregador": "Hugo Prado"
    },
    {
      "id": "15",
      "nomeCliente": "Gustavo",
      "itens": [],
      "preco": 115,
      "endereco": "Rua Rainha Maria Stuart, 139 - Vila Regina",
      "cpf": "490.883.748-13",
      "observacao": "sem maionese",
      "numeroPedido": 15,
      "horario": "2024-10-29T00:47:07.853Z",
      "status": "pedido finalizado",
      "tempo": "0 min",
      "entregador": "Geraldo Cruz"
    },
    {
      "id": "16",
      "nomeCliente": "julia",
      "itens": [],
      "preco": 115,
      "endereco": "Rua Rainha Maria Stuart, 139 - Vila Regina",
      "cpf": "490.883.748-13",
      "observacao": "sem maionese",
      "numeroPedido": 16,
      "horario": "2024-10-30T00:33:02.321Z",
      "status": "pedido finalizado",
      "tempo": "0 min",
      "entregador": "Claudinei Santos"
    },
    {
      "id": "17",
      "nomeCliente": "Yago",
      "itens": [],
      "preco": 115,
      "endereco": "Rua Rainha Maria Stuart, 139 - Vila Regina",
      "cpf": "490.883.748-13",
      "observacao": "sal, por favor",
      "numeroPedido": 17,
      "horario": "2024-11-04T02:06:57.700Z",
      "status": "pedido finalizado",
      "tempo": "7 min",
      "entregador": "Hugo Prado",
      "codigoCpf": "49088",
      "tempoEstimado": 10
    },
    {
      "id": "18",
      "nomeCliente": "Rachel",
      "itens": [],
      "preco": 115,
      "endereco": "Rua Rainha Maria Stuart, 139 - Vila Regina",
      "cpf": "490.883.748-13",
      "observacao": "",
      "numeroPedido": 18,
      "horario": "2024-11-04T02:19:32.944Z",
      "status": "em preparo",
      "tempo": "",
      "entregador": "",
      "codigoCpf": "49088"
    },
    {
      "id": "19",
      "nomeCliente": "Vera",
      "itens": [],
      "preco": 115,
      "endereco": "Rua Rainha Maria Stuart, 139 - Vila Regina",
      "cpf": "258.189.438-52",
      "observacao": "",
      "numeroPedido": 19,
      "horario": "2024-11-01T16:09:43.362Z",
      "status": "pedido finalizado",
      "tempo": "3479 min",
      "entregador": "Claudinei Santos",
      "tempoEstimado": 12
    },
    {
      "id": "20",
      "nomeCliente": "tiago",
      "itens": [],
      "preco": 115,
      "endereco": "Rua Rainha Maria Stuart, 139 - Vila Regina",
      "cpf": "253.890.878-79",
      "observacao": "",
      "numeroPedido": 20,
      "horario": "2024-11-04T02:10:12.316Z",
      "status": "em preparo",
      "tempo": "",
      "entregador": ""
    },
    {
      "id": "21",
      "nomeCliente": "Ramona",
      "itens": [],
      "preco": 115,
      "endereco": "Rua Rainha Maria Stuart, 139 - Vila Regina",
      "cpf": "490.883.748-13",
      "observacao": "",
      "numeroPedido": 21,
      "horario": "2024-11-01T16:32:33.382Z",
      "status": "pedido finalizado",
      "tempo": "0 min",
      "entregador": "Hugo Prado"
    },
    {
      "id": "22",
      "nomeCliente": "Vitória",
      "itens": [],
      "preco": 115,
      "endereco": "Rua Rainha Maria Stuart, 139 - Vila Regina",
      "cpf": "490.883.748-13",
      "observacao": "",
      "numeroPedido": 22,
      "horario": "2024-11-01T17:02:45.738Z",
      "status": "pedido finalizado",
      "tempo": "0 min",
      "entregador": "Hugo Prado",
      "tempoEstimado": 15
    },
    {
      "id": "23",
      "nomeCliente": "Gustavo Marinho",
      "itens": [],
      "preco": 115,
      "endereco": "Rua Rainha Maria Stuart, 168 - Vila Regina",
      "cpf": "490.883.748-13",
      "observacao": "",
      "numeroPedido": 23,
      "horario": "2024-11-01T18:42:15.251Z",
      "status": "pedido finalizado",
      "tempo": "4 min",
      "entregador": "Hugo Prado",
      "tempoEstimado": 15
    },
    {
      "id": "24",
      "nomeCliente": "Kauan M.",
      "itens": [
        {
          "id": "12",
          "name": "Bife à Cavalo",
          "description": "Bife grelhado com ovo frito por cima.",
          "price": 50,
          "image": "https://s2-receitas.glbimg.com/tHeJvrKQVeIin3PTeGf6AaUcbag=/0x0:1280x805/924x0/smart/filters:strip_icc()/i.s3.glbimg.com/v1/AUTH_e84042ef78cb4708aeebdf1c68c6cbd6/internal_photos/bs/2020/9/E/l4TseUQAqVp32qAFW2AQ/bife-a-cavalo.jpeg",
          "category": "executivos"
        },
        {
          "id": "12",
          "name": "Bife à Cavalo",
          "description": "Bife grelhado com ovo frito por cima.",
          "price": 50,
          "image": "https://s2-receitas.glbimg.com/tHeJvrKQVeIin3PTeGf6AaUcbag=/0x0:1280x805/924x0/smart/filters:strip_icc()/i.s3.glbimg.com/v1/AUTH_e84042ef78cb4708aeebdf1c68c6cbd6/internal_photos/bs/2020/9/E/l4TseUQAqVp32qAFW2AQ/bife-a-cavalo.jpeg",
          "category": "executivos"
        },
        {
          "id": "9",
          "name": "Salada Caesar",
          "description": "Salada com alface, croutons e molho Caesar.",
          "price": 30,
          "image": "https://assets.unileversolutions.com/recipes-v2/179515.jpg",
          "category": "executivos"
        },
        {
          "id": "4",
          "name": "Cerveja Artesanal",
          "description": "Cerveja artesanal feita com ingredientes selecionados.",
          "price": 12,
          "image": "https://encrypted-tbn0.gstatic.com/images?q=tbn:ANd9GcSobh2ySv1Tb8IQ__Fgq1nt97xXljAWcc7Klg&s",
          "category": "bebidas"
        },
        {
          "id": "8",
          "name": "Margarita",
          "description": "Bebida refrescante à base de tequila, limão e licor de laranja.",
          "price": 18,
          "image": "https://encrypted-tbn0.gstatic.com/images?q=tbn:ANd9GcRmEfi-vrPt3mrLT_cnv0rm2QmncXErIjHifA&s",
          "category": "bebidas"
        }
      ],
      "preco": 175,
      "endereco": "Rua Rainha Maria Stuart, 139 - Vila Regina",
      "cpf": "490.883.748-13",
      "observacao": "sem maionese, sem milho e sem ervilha",
      "numeroPedido": 24,
      "horario": "2024-11-03T15:47:48.022Z",
      "status": "pedido finalizado",
      "tempo": "3 min",
      "entregador": "Hugo Prado",
      "tempoEstimado": 15
    },
    {
      "id": "25",
      "nomeCliente": "thayna",
      "itens": [
        {
          "id": "12",
          "name": "Bife à Cavalo",
          "description": "Bife grelhado com ovo frito por cima.",
          "price": 50,
          "image": "https://s2-receitas.glbimg.com/tHeJvrKQVeIin3PTeGf6AaUcbag=/0x0:1280x805/924x0/smart/filters:strip_icc()/i.s3.glbimg.com/v1/AUTH_e84042ef78cb4708aeebdf1c68c6cbd6/internal_photos/bs/2020/9/E/l4TseUQAqVp32qAFW2AQ/bife-a-cavalo.jpeg",
          "category": "executivos"
        },
        {
          "id": "12",
          "name": "Bife à Cavalo",
          "description": "Bife grelhado com ovo frito por cima.",
          "price": 50,
          "image": "https://s2-receitas.glbimg.com/tHeJvrKQVeIin3PTeGf6AaUcbag=/0x0:1280x805/924x0/smart/filters:strip_icc()/i.s3.glbimg.com/v1/AUTH_e84042ef78cb4708aeebdf1c68c6cbd6/internal_photos/bs/2020/9/E/l4TseUQAqVp32qAFW2AQ/bife-a-cavalo.jpeg",
          "category": "executivos"
        },
        {
          "id": "9",
          "name": "Salada Caesar",
          "description": "Salada com alface, croutons e molho Caesar.",
          "price": 30,
          "image": "https://assets.unileversolutions.com/recipes-v2/179515.jpg",
          "category": "executivos"
        },
        {
          "id": "4",
          "name": "Cerveja Artesanal",
          "description": "Cerveja artesanal feita com ingredientes selecionados.",
          "price": 12,
          "image": "https://encrypted-tbn0.gstatic.com/images?q=tbn:ANd9GcSobh2ySv1Tb8IQ__Fgq1nt97xXljAWcc7Klg&s",
          "category": "bebidas"
        },
        {
          "id": "8",
          "name": "Margarita",
          "description": "Bebida refrescante à base de tequila, limão e licor de laranja.",
          "price": 18,
          "image": "https://encrypted-tbn0.gstatic.com/images?q=tbn:ANd9GcRmEfi-vrPt3mrLT_cnv0rm2QmncXErIjHifA&s",
          "category": "bebidas"
        }
      ],
      "preco": 175,
      "endereco": "Rua Rainha Maria Stuart, 139 - Vila Regina",
      "cpf": "490.883.748-13",
      "observacao": "",
      "numeroPedido": 25,
      "horario": "2024-11-03T16:24:58.765Z",
      "status": "pedido finalizado",
      "tempo": "0 min",
      "entregador": "Hugo Prado",
      "tempoEstimado": 15
    },
    {
      "id": "26",
      "nomeCliente": "hugo",
      "itens": [
        {
          "id": "12",
          "name": "Bife à Cavalo",
          "description": "Bife grelhado com ovo frito por cima.",
          "price": 50,
          "image": "https://s2-receitas.glbimg.com/tHeJvrKQVeIin3PTeGf6AaUcbag=/0x0:1280x805/924x0/smart/filters:strip_icc()/i.s3.glbimg.com/v1/AUTH_e84042ef78cb4708aeebdf1c68c6cbd6/internal_photos/bs/2020/9/E/l4TseUQAqVp32qAFW2AQ/bife-a-cavalo.jpeg",
          "category": "executivos"
        },
        {
          "id": "12",
          "name": "Bife à Cavalo",
          "description": "Bife grelhado com ovo frito por cima.",
          "price": 50,
          "image": "https://s2-receitas.glbimg.com/tHeJvrKQVeIin3PTeGf6AaUcbag=/0x0:1280x805/924x0/smart/filters:strip_icc()/i.s3.glbimg.com/v1/AUTH_e84042ef78cb4708aeebdf1c68c6cbd6/internal_photos/bs/2020/9/E/l4TseUQAqVp32qAFW2AQ/bife-a-cavalo.jpeg",
          "category": "executivos"
        },
        {
          "id": "9",
          "name": "Salada Caesar",
          "description": "Salada com alface, croutons e molho Caesar.",
          "price": 30,
          "image": "https://assets.unileversolutions.com/recipes-v2/179515.jpg",
          "category": "executivos"
        },
        {
          "id": "4",
          "name": "Cerveja Artesanal",
          "description": "Cerveja artesanal feita com ingredientes selecionados.",
          "price": 12,
          "image": "https://encrypted-tbn0.gstatic.com/images?q=tbn:ANd9GcSobh2ySv1Tb8IQ__Fgq1nt97xXljAWcc7Klg&s",
          "category": "bebidas"
        },
        {
          "id": "8",
          "name": "Margarita",
          "description": "Bebida refrescante à base de tequila, limão e licor de laranja.",
          "price": 18,
          "image": "https://encrypted-tbn0.gstatic.com/images?q=tbn:ANd9GcRmEfi-vrPt3mrLT_cnv0rm2QmncXErIjHifA&s",
          "category": "bebidas"
        }
      ],
      "preco": 175,
      "endereco": "Rua Rainha Maria Stuart, 168 - Vila Regina",
      "cpf": "258.189.438-52",
      "observacao": "",
      "numeroPedido": 26,
      "horario": "2024-11-04T02:11:52.190Z",
      "status": "em preparo",
      "tempo": "",
      "entregador": ""
    },
    {
      "id": "27",
      "nomeCliente": "hugo",
      "itens": [
        {
          "id": "12",
          "name": "Bife à Cavalo",
          "description": "Bife grelhado com ovo frito por cima.",
          "price": 50,
          "image": "https://s2-receitas.glbimg.com/tHeJvrKQVeIin3PTeGf6AaUcbag=/0x0:1280x805/924x0/smart/filters:strip_icc()/i.s3.glbimg.com/v1/AUTH_e84042ef78cb4708aeebdf1c68c6cbd6/internal_photos/bs/2020/9/E/l4TseUQAqVp32qAFW2AQ/bife-a-cavalo.jpeg",
          "category": "executivos"
        },
        {
          "id": "12",
          "name": "Bife à Cavalo",
          "description": "Bife grelhado com ovo frito por cima.",
          "price": 50,
          "image": "https://s2-receitas.glbimg.com/tHeJvrKQVeIin3PTeGf6AaUcbag=/0x0:1280x805/924x0/smart/filters:strip_icc()/i.s3.glbimg.com/v1/AUTH_e84042ef78cb4708aeebdf1c68c6cbd6/internal_photos/bs/2020/9/E/l4TseUQAqVp32qAFW2AQ/bife-a-cavalo.jpeg",
          "category": "executivos"
        },
        {
          "id": "9",
          "name": "Salada Caesar",
          "description": "Salada com alface, croutons e molho Caesar.",
          "price": 30,
          "image": "https://assets.unileversolutions.com/recipes-v2/179515.jpg",
          "category": "executivos"
        },
        {
          "id": "4",
          "name": "Cerveja Artesanal",
          "description": "Cerveja artesanal feita com ingredientes selecionados.",
          "price": 12,
          "image": "https://encrypted-tbn0.gstatic.com/images?q=tbn:ANd9GcSobh2ySv1Tb8IQ__Fgq1nt97xXljAWcc7Klg&s",
          "category": "bebidas"
        },
        {
          "id": "8",
          "name": "Margarita",
          "description": "Bebida refrescante à base de tequila, limão e licor de laranja.",
          "price": 18,
          "image": "https://encrypted-tbn0.gstatic.com/images?q=tbn:ANd9GcRmEfi-vrPt3mrLT_cnv0rm2QmncXErIjHifA&s",
          "category": "bebidas"
        }
      ],
      "preco": 175,
      "endereco": "Rua Rainha Maria Stuart, 168 - Vila Regina",
      "cpf": "258.189.438-52",
      "observacao": "",
      "numeroPedido": 27,
      "horario": "2024-11-04T02:10:37.722Z",
      "status": "em preparo",
      "tempo": "",
      "entregador": ""
    },
    {
      "id": "28",
      "nomeCliente": "mario",
      "itens": [
        {
          "id": "12",
          "name": "Bife à Cavalo",
          "description": "Bife grelhado com ovo frito por cima.",
          "price": 50,
          "image": "https://s2-receitas.glbimg.com/tHeJvrKQVeIin3PTeGf6AaUcbag=/0x0:1280x805/924x0/smart/filters:strip_icc()/i.s3.glbimg.com/v1/AUTH_e84042ef78cb4708aeebdf1c68c6cbd6/internal_photos/bs/2020/9/E/l4TseUQAqVp32qAFW2AQ/bife-a-cavalo.jpeg",
          "category": "executivos"
        },
        {
          "id": "12",
          "name": "Bife à Cavalo",
          "description": "Bife grelhado com ovo frito por cima.",
          "price": 50,
          "image": "https://s2-receitas.glbimg.com/tHeJvrKQVeIin3PTeGf6AaUcbag=/0x0:1280x805/924x0/smart/filters:strip_icc()/i.s3.glbimg.com/v1/AUTH_e84042ef78cb4708aeebdf1c68c6cbd6/internal_photos/bs/2020/9/E/l4TseUQAqVp32qAFW2AQ/bife-a-cavalo.jpeg",
          "category": "executivos"
        },
        {
          "id": "9",
          "name": "Salada Caesar",
          "description": "Salada com alface, croutons e molho Caesar.",
          "price": 30,
          "image": "https://assets.unileversolutions.com/recipes-v2/179515.jpg",
          "category": "executivos"
        },
        {
          "id": "4",
          "name": "Cerveja Artesanal",
          "description": "Cerveja artesanal feita com ingredientes selecionados.",
          "price": 12,
          "image": "https://encrypted-tbn0.gstatic.com/images?q=tbn:ANd9GcSobh2ySv1Tb8IQ__Fgq1nt97xXljAWcc7Klg&s",
          "category": "bebidas"
        },
        {
          "id": "8",
          "name": "Margarita",
          "description": "Bebida refrescante à base de tequila, limão e licor de laranja.",
          "price": 18,
          "image": "https://encrypted-tbn0.gstatic.com/images?q=tbn:ANd9GcRmEfi-vrPt3mrLT_cnv0rm2QmncXErIjHifA&s",
          "category": "bebidas"
        }
      ],
      "preco": 175,
      "endereco": "Rua Rainha Maria Stuart, 168 - Vila Regina",
      "cpf": "258.189.438-52",
      "observacao": "",
      "numeroPedido": 28,
      "horario": "2024-11-04T02:00:54.803Z",
      "status": "pedido finalizado",
      "tempo": "0 min",
      "entregador": "Hugo Prado",
      "tempoEstimado": 20
    },
    {
      "id": "29",
      "nomeCliente": "mario",
      "itens": [
        {
          "id": "12",
          "name": "Bife à Cavalo",
          "description": "Bife grelhado com ovo frito por cima.",
          "price": 50,
          "image": "https://s2-receitas.glbimg.com/tHeJvrKQVeIin3PTeGf6AaUcbag=/0x0:1280x805/924x0/smart/filters:strip_icc()/i.s3.glbimg.com/v1/AUTH_e84042ef78cb4708aeebdf1c68c6cbd6/internal_photos/bs/2020/9/E/l4TseUQAqVp32qAFW2AQ/bife-a-cavalo.jpeg",
          "category": "executivos"
        },
        {
          "id": "12",
          "name": "Bife à Cavalo",
          "description": "Bife grelhado com ovo frito por cima.",
          "price": 50,
          "image": "https://s2-receitas.glbimg.com/tHeJvrKQVeIin3PTeGf6AaUcbag=/0x0:1280x805/924x0/smart/filters:strip_icc()/i.s3.glbimg.com/v1/AUTH_e84042ef78cb4708aeebdf1c68c6cbd6/internal_photos/bs/2020/9/E/l4TseUQAqVp32qAFW2AQ/bife-a-cavalo.jpeg",
          "category": "executivos"
        },
        {
          "id": "9",
          "name": "Salada Caesar",
          "description": "Salada com alface, croutons e molho Caesar.",
          "price": 30,
          "image": "https://assets.unileversolutions.com/recipes-v2/179515.jpg",
          "category": "executivos"
        },
        {
          "id": "4",
          "name": "Cerveja Artesanal",
          "description": "Cerveja artesanal feita com ingredientes selecionados.",
          "price": 12,
          "image": "https://encrypted-tbn0.gstatic.com/images?q=tbn:ANd9GcSobh2ySv1Tb8IQ__Fgq1nt97xXljAWcc7Klg&s",
          "category": "bebidas"
        },
        {
          "id": "8",
          "name": "Margarita",
          "description": "Bebida refrescante à base de tequila, limão e licor de laranja.",
          "price": 18,
          "image": "https://encrypted-tbn0.gstatic.com/images?q=tbn:ANd9GcRmEfi-vrPt3mrLT_cnv0rm2QmncXErIjHifA&s",
          "category": "bebidas"
        }
      ],
      "preco": 175,
      "endereco": "Rua Rainha Maria Stuart, 168 - Vila Regina",
      "cpf": "258.189.438-52",
      "observacao": "",
      "numeroPedido": 29,
      "horario": "2024-11-03T16:44:21.695Z",
      "status": "pedido finalizado",
      "tempo": "562 min",
      "entregador": "Hugo Prado",
      "tempoEstimado": 45
    },
    {
      "id": "30",
      "nomeCliente": "mario",
      "itens": [
        {
          "id": "12",
          "name": "Bife à Cavalo",
          "description": "Bife grelhado com ovo frito por cima.",
          "price": 50,
          "image": "https://s2-receitas.glbimg.com/tHeJvrKQVeIin3PTeGf6AaUcbag=/0x0:1280x805/924x0/smart/filters:strip_icc()/i.s3.glbimg.com/v1/AUTH_e84042ef78cb4708aeebdf1c68c6cbd6/internal_photos/bs/2020/9/E/l4TseUQAqVp32qAFW2AQ/bife-a-cavalo.jpeg",
          "category": "executivos"
        },
        {
          "id": "12",
          "name": "Bife à Cavalo",
          "description": "Bife grelhado com ovo frito por cima.",
          "price": 50,
          "image": "https://s2-receitas.glbimg.com/tHeJvrKQVeIin3PTeGf6AaUcbag=/0x0:1280x805/924x0/smart/filters:strip_icc()/i.s3.glbimg.com/v1/AUTH_e84042ef78cb4708aeebdf1c68c6cbd6/internal_photos/bs/2020/9/E/l4TseUQAqVp32qAFW2AQ/bife-a-cavalo.jpeg",
          "category": "executivos"
        },
        {
          "id": "9",
          "name": "Salada Caesar",
          "description": "Salada com alface, croutons e molho Caesar.",
          "price": 30,
          "image": "https://assets.unileversolutions.com/recipes-v2/179515.jpg",
          "category": "executivos"
        },
        {
          "id": "4",
          "name": "Cerveja Artesanal",
          "description": "Cerveja artesanal feita com ingredientes selecionados.",
          "price": 12,
          "image": "https://encrypted-tbn0.gstatic.com/images?q=tbn:ANd9GcSobh2ySv1Tb8IQ__Fgq1nt97xXljAWcc7Klg&s",
          "category": "bebidas"
        },
        {
          "id": "8",
          "name": "Margarita",
          "description": "Bebida refrescante à base de tequila, limão e licor de laranja.",
          "price": 18,
          "image": "https://encrypted-tbn0.gstatic.com/images?q=tbn:ANd9GcRmEfi-vrPt3mrLT_cnv0rm2QmncXErIjHifA&s",
          "category": "bebidas"
        }
      ],
      "preco": 175,
      "endereco": "Rua Rainha Maria Stuart, 168 - Vila Regina",
      "cpf": "258.189.438-52",
      "observacao": "",
      "numeroPedido": 30,
      "horario": "2024-11-04T02:10:17.617Z",
      "status": "em preparo",
      "tempo": "",
      "entregador": ""
    },
    {
      "id": "31",
      "nomeCliente": "m",
      "itens": [
        {
          "id": "12",
          "name": "Bife à Cavalo",
          "description": "Bife grelhado com ovo frito por cima.",
          "price": 50,
          "image": "https://s2-receitas.glbimg.com/tHeJvrKQVeIin3PTeGf6AaUcbag=/0x0:1280x805/924x0/smart/filters:strip_icc()/i.s3.glbimg.com/v1/AUTH_e84042ef78cb4708aeebdf1c68c6cbd6/internal_photos/bs/2020/9/E/l4TseUQAqVp32qAFW2AQ/bife-a-cavalo.jpeg",
          "category": "executivos"
        },
        {
          "id": "12",
          "name": "Bife à Cavalo",
          "description": "Bife grelhado com ovo frito por cima.",
          "price": 50,
          "image": "https://s2-receitas.glbimg.com/tHeJvrKQVeIin3PTeGf6AaUcbag=/0x0:1280x805/924x0/smart/filters:strip_icc()/i.s3.glbimg.com/v1/AUTH_e84042ef78cb4708aeebdf1c68c6cbd6/internal_photos/bs/2020/9/E/l4TseUQAqVp32qAFW2AQ/bife-a-cavalo.jpeg",
          "category": "executivos"
        },
        {
          "id": "9",
          "name": "Salada Caesar",
          "description": "Salada com alface, croutons e molho Caesar.",
          "price": 30,
          "image": "https://assets.unileversolutions.com/recipes-v2/179515.jpg",
          "category": "executivos"
        },
        {
          "id": "4",
          "name": "Cerveja Artesanal",
          "description": "Cerveja artesanal feita com ingredientes selecionados.",
          "price": 12,
          "image": "https://encrypted-tbn0.gstatic.com/images?q=tbn:ANd9GcSobh2ySv1Tb8IQ__Fgq1nt97xXljAWcc7Klg&s",
          "category": "bebidas"
        },
        {
          "id": "8",
          "name": "Margarita",
          "description": "Bebida refrescante à base de tequila, limão e licor de laranja.",
          "price": 18,
          "image": "https://encrypted-tbn0.gstatic.com/images?q=tbn:ANd9GcRmEfi-vrPt3mrLT_cnv0rm2QmncXErIjHifA&s",
          "category": "bebidas"
        }
      ],
      "preco": 175,
      "endereco": "Rua Rainha Maria Stuart, 168 - Vila Regina",
      "cpf": "258.189.438-52",
      "observacao": "",
      "numeroPedido": 31,
      "horario": "2024-11-04T02:12:07.263Z",
      "status": "em preparo",
      "tempo": "",
      "entregador": ""
    },
    {
      "id": "32",
      "nomeCliente": "m",
      "itens": [
        {
          "id": "12",
          "name": "Bife à Cavalo",
          "description": "Bife grelhado com ovo frito por cima.",
          "price": 50,
          "image": "https://s2-receitas.glbimg.com/tHeJvrKQVeIin3PTeGf6AaUcbag=/0x0:1280x805/924x0/smart/filters:strip_icc()/i.s3.glbimg.com/v1/AUTH_e84042ef78cb4708aeebdf1c68c6cbd6/internal_photos/bs/2020/9/E/l4TseUQAqVp32qAFW2AQ/bife-a-cavalo.jpeg",
          "category": "executivos"
        },
        {
          "id": "9",
          "name": "Salada Caesar",
          "description": "Salada com alface, croutons e molho Caesar.",
          "price": 30,
          "image": "https://assets.unileversolutions.com/recipes-v2/179515.jpg",
          "category": "executivos"
        },
        {
          "id": "4",
          "name": "Cerveja Artesanal",
          "description": "Cerveja artesanal feita com ingredientes selecionados.",
          "price": 12,
          "image": "https://encrypted-tbn0.gstatic.com/images?q=tbn:ANd9GcSobh2ySv1Tb8IQ__Fgq1nt97xXljAWcc7Klg&s",
          "category": "bebidas"
        },
        {
          "id": "8",
          "name": "Margarita",
          "description": "Bebida refrescante à base de tequila, limão e licor de laranja.",
          "price": 18,
          "image": "https://encrypted-tbn0.gstatic.com/images?q=tbn:ANd9GcRmEfi-vrPt3mrLT_cnv0rm2QmncXErIjHifA&s",
          "category": "bebidas"
        }
      ],
      "preco": 125,
      "endereco": "Rua Rainha Maria Stuart, 139 - Vila Regina",
      "cpf": "490.883.748-13",
      "observacao": "",
      "numeroPedido": 32,
      "horario": "2024-11-03T17:01:39.130Z",
      "status": "não aceito",
      "tempo": "",
      "entregador": ""
    },
    {
      "id": "33",
      "nomeCliente": "mario",
      "itens": [
        {
          "id": "12",
          "name": "Bife à Cavalo",
          "description": "Bife grelhado com ovo frito por cima.",
          "price": 50,
          "image": "https://s2-receitas.glbimg.com/tHeJvrKQVeIin3PTeGf6AaUcbag=/0x0:1280x805/924x0/smart/filters:strip_icc()/i.s3.glbimg.com/v1/AUTH_e84042ef78cb4708aeebdf1c68c6cbd6/internal_photos/bs/2020/9/E/l4TseUQAqVp32qAFW2AQ/bife-a-cavalo.jpeg",
          "category": "executivos"
        },
        {
          "id": "9",
          "name": "Salada Caesar",
          "description": "Salada com alface, croutons e molho Caesar.",
          "price": 30,
          "image": "https://assets.unileversolutions.com/recipes-v2/179515.jpg",
          "category": "executivos"
        },
        {
          "id": "4",
          "name": "Cerveja Artesanal",
          "description": "Cerveja artesanal feita com ingredientes selecionados.",
          "price": 12,
          "image": "https://encrypted-tbn0.gstatic.com/images?q=tbn:ANd9GcSobh2ySv1Tb8IQ__Fgq1nt97xXljAWcc7Klg&s",
          "category": "bebidas"
        },
        {
          "id": "8",
          "name": "Margarita",
          "description": "Bebida refrescante à base de tequila, limão e licor de laranja.",
          "price": 18,
          "image": "https://encrypted-tbn0.gstatic.com/images?q=tbn:ANd9GcRmEfi-vrPt3mrLT_cnv0rm2QmncXErIjHifA&s",
          "category": "bebidas"
        }
      ],
      "preco": 125,
      "endereco": "Rua Rainha Maria Stuart, 168 - Vila Regina",
      "cpf": "258.189.438-52",
      "observacao": "",
      "numeroPedido": 33,
      "horario": "2024-11-04T02:19:35.941Z",
      "status": "em preparo",
      "tempo": "",
      "entregador": ""
    },
    {
      "id": "34",
      "nomeCliente": "vitoriana",
      "itens": [
        {
          "id": "14",
          "name": "Café Expresso",
          "description": "Café expresso forte e aromático.",
          "price": 5,
          "image": "https://cdn.sistemawbuy.com.br/arquivos/f101ef5b9be464a6c8854310ae5f5327/produtos/65bb164199b0d/5fc4fca2a8cea2deb2743064358f7bee-65bb21d8524e1.jpg",
          "category": "bebidas"
        }
      ],
      "preco": 15,
      "endereco": "Rua Rainha Maria Stuart, 168 - Vila Regina",
      "cpf": "253.890.878-79",
      "observacao": "",
      "numeroPedido": 34,
      "horario": "2024-11-03T17:10:38.235Z",
      "status": "não aceito",
      "tempo": "",
      "entregador": ""
    },
    {
      "id": "35",
      "nomeCliente": "vitoriosa",
      "itens": [
        {
          "id": "7",
          "name": "Espetinho de Frango",
          "description": "Espetinho grelhado de frango marinado.",
          "price": 25,
          "image": "https://i.panelinha.com.br/i1/228-q-2731-espetinho.webp",
          "category": "porcoes"
        }
      ],
      "preco": 40,
      "endereco": "Rua Rainha Maria Stuart, 139 - Vila Regina",
      "cpf": "258.189.438-52",
      "observacao": "",
      "numeroPedido": 35,
      "horario": "2024-11-03T17:18:20.438Z",
      "status": "pedido finalizado",
      "tempo": "0 min",
      "entregador": "Hugo Prado",
      "tempoEstimado": 15
    },
    {
      "id": "36",
      "nomeCliente": "Thayna",
      "itens": [
        {
          "id": "15",
          "name": "Lasanha Bolonhesa",
          "description": "Lasanha recheada com carne moída e molho béchamel.",
          "price": 38,
          "image": "https://nextfoodcare.com.br/wp-content/uploads/2021/06/lasanha-3.jpg",
          "category": "executivos"
        },
        {
          "id": "15",
          "name": "Lasanha Bolonhesa",
          "description": "Lasanha recheada com carne moída e molho béchamel.",
          "price": 38,
          "image": "https://nextfoodcare.com.br/wp-content/uploads/2021/06/lasanha-3.jpg",
          "category": "executivos"
        },
        {
          "id": "17",
          "name": "Suco de Laranja",
          "description": "Suco natural de laranja espremido na hora.",
          "price": 8,
          "image": "https://s3-sa-east-1.amazonaws.com/deliveryon-uploads/products/dorabela/16_5e8cf76d9a4b0.jpg",
          "category": "bebidas"
        },
        {
          "id": "23",
          "name": "Refrigerante",
          "description": "Refrigerante gelado de diversos sabores.",
          "price": 7,
          "image": "https://preview.redd.it/todos-os-refrigerantes-est%C3%A3o-horr%C3%ADveis-v0-2a79uzexe09d1.jpg?width=600&format=pjpg&auto=webp&s=3a621c79bb00a80f4319ee439a4feb5cf2688fad",
          "category": "bebidas"
        }
      ],
      "preco": 106,
      "endereco": "Rua dos Estoris do Norte, 13 - Jardim Irapiranga",
      "cpf": "471.711.778-66",
      "observacao": "ao lado da casa cinza",
      "numeroPedido": 36,
      "horario": "2024-11-03T22:28:57.721Z",
      "status": "pedido finalizado",
      "tempo": "0 min",
      "entregador": "Geraldo Cruz",
      "tempoEstimado": 35
    },
    {
      "id": "37",
      "nomeCliente": "kauan",
      "itens": [
        {
          "id": "12",
          "name": "Bife à Cavalo",
          "description": "Bife grelhado com ovo frito por cima.",
          "price": 50,
          "image": "https://s2-receitas.glbimg.com/tHeJvrKQVeIin3PTeGf6AaUcbag=/0x0:1280x805/924x0/smart/filters:strip_icc()/i.s3.glbimg.com/v1/AUTH_e84042ef78cb4708aeebdf1c68c6cbd6/internal_photos/bs/2020/9/E/l4TseUQAqVp32qAFW2AQ/bife-a-cavalo.jpeg",
          "category": "executivos"
        }
      ],
      "preco": 65,
      "endereco": "Rua Rainha Maria Stuart, 139 - Vila Regina",
      "cpf": "490.883.748-13",
      "observacao": "",
      "numeroPedido": 37,
      "horario": "2024-11-03T22:49:13.202Z",
      "status": "pedido finalizado",
      "tempo": "0 min",
      "entregador": "Hugo Prado",
      "tempoEstimado": 15
    },
    {
      "id": "38",
      "nomeCliente": "Mauai",
      "itens": [
        {
          "id": "10",
          "name": "Tacos",
          "description": "Tortilhas recheadas com carne, guacamole e salsa.",
          "price": 28,
          "image": "https://www.comidaereceitas.com.br/wp-content/uploads/2008/10/Tacos-de-carne-moida.jpg",
          "category": "porcoes",
          "status": "ativo"
        },
        {
          "id": "7",
          "name": "Espetinho de Frango",
          "description": "Espetinho grelhado de frango marinado.",
          "price": 25,
          "image": "https://i.panelinha.com.br/i1/228-q-2731-espetinho.webp",
          "category": "porcoes",
          "status": "ativo"
        },
        {
          "id": "5",
          "name": "Pepsi",
          "description": "Refrigerante gelado de cola.",
          "price": 12,
          "image": "https://thumbs.dreamstime.com/b/pepsi-cola-bebida-em-fundo-preto-kuala-lumpur-malaysia-march-%C3%A9-concorrente-da-coca-drinque-espa%C3%A7o-de-c%C3%B3pia-174848251.jpg",
          "category": "bebidas",
          "status": "ativo"
        }
      ],
      "preco": 80,
      "endereco": "Rua Rainha Maria Stuart, 139 - Vila Regina",
      "cpf": "258.189.438-52",
      "observacao": "",
      "numeroPedido": 38,
      "horario": "2024-11-04T04:05:18.294Z",
      "status": "pedido finalizado",
      "tempo": "0 min",
      "entregador": "Hugo Prado",
      "tempoEstimado": 15
    },
    {
      "id": "39",
      "nomeCliente": "Hugo",
      "itens": [
        {
          "id": "5",
          "name": "Pepsi",
          "description": "Refrigerante gelado de cola.",
          "price": 12,
          "image": "https://thumbs.dreamstime.com/b/pepsi-cola-bebida-em-fundo-preto-kuala-lumpur-malaysia-march-%C3%A9-concorrente-da-coca-drinque-espa%C3%A7o-de-c%C3%B3pia-174848251.jpg",
          "category": "bebidas",
          "status": "ativo"
        }
      ],
      "preco": 27,
      "endereco": "Rua Rainha Maria Stuart, 139 - Vila Regina",
      "cpf": "490.883.748-13",
      "observacao": "sem maionese",
      "numeroPedido": 39,
      "horario": "2024-11-04T04:20:48.902Z",
      "status": "não aceito",
      "tempo": "",
      "entregador": ""
    },
    {
      "id": "40",
      "nomeCliente": "Thiago",
      "itens": [
        {
          "id": "9",
          "name": "Salada Caesar",
          "description": "Salada com alface, croutons e molho Caesar.",
          "price": 30,
          "image": "https://assets.unileversolutions.com/recipes-v2/179515.jpg",
          "category": "executivos",
          "status": "ativo"
        }
      ],
      "preco": 45,
      "endereco": "Rua Rainha Maria Stuart, 139 - Vila Regina",
      "cpf": "258.189.438-52",
      "observacao": "",
      "numeroPedido": 40,
      "horario": "2024-11-04T04:35:28.709Z",
      "status": "não aceito",
      "tempo": "",
      "entregador": ""
    },
    {
      "id": "41",
      "nomeCliente": "Hiago",
      "itens": [
        {
          "id": "10",
          "name": "Tacos",
          "description": "Tortilhas recheadas com carne, guacamole e salsa.",
          "price": 28,
          "image": "https://www.comidaereceitas.com.br/wp-content/uploads/2008/10/Tacos-de-carne-moida.jpg",
          "category": "porcoes",
          "status": "ativo"
        }
      ],
      "preco": 43,
      "endereco": "Rua Rainha Maria Stuart, 139 - Vila Regina",
      "cpf": "253.890.878-79",
      "observacao": "",
      "numeroPedido": 41,
      "horario": "2024-11-04T04:45:58.282Z",
      "status": "pedido finalizado",
      "tempo": "0 min",
      "entregador": "Claudinei Santos",
      "tempoEstimado": 14
    },
    {
      "id": "42",
      "nomeCliente": "hujo",
      "itens": [
        {
          "id": "10",
          "name": "Tacos",
          "description": "Tortilhas recheadas com carne, guacamole e salsa.",
          "price": 28,
          "image": "https://www.comidaereceitas.com.br/wp-content/uploads/2008/10/Tacos-de-carne-moida.jpg",
          "category": "porcoes",
          "status": "ativo"
        }
      ],
      "preco": 43,
      "endereco": "Rua Rainha Maria Stuart, 139 - Vila Regina",
      "cpf": "258.189.438-52",
      "observacao": "",
      "numeroPedido": 42,
      "horario": "2024-11-04T05:22:51.416Z",
      "status": "aguardando entrega",
      "tempo": "0 min",
      "entregador": ""
    },
    {
      "id": "43",
      "nomeCliente": "wf",
      "itens": [
        {
          "id": "8",
          "name": "Margarita",
          "description": "Bebida refrescante à base de tequila, limão e licor de laranja.",
          "price": 18,
          "image": "https://encrypted-tbn0.gstatic.com/images?q=tbn:ANd9GcRmEfi-vrPt3mrLT_cnv0rm2QmncXErIjHifA&s",
          "category": "bebidas",
          "status": "ativo"
        }
      ],
      "preco": 33,
      "endereco": "Rua Brácara, 5859 - Jardim Amália",
      "cpf": "258.189.438-52",
      "observacao": "",
      "numeroPedido": 43,
      "horario": "2024-11-04T05:29:27.632Z",
      "status": "pedido enviado para entrega",
      "tempo": "0 min",
      "entregador": "Geraldo Cruz",
      "tempoEstimado": 15
    },
    {
      "id": "44",
      "nomeCliente": "kaios",
      "itens": [
        {
          "id": "5",
          "name": "Pepsi",
          "description": "Refrigerante gelado de cola.",
          "price": 12,
          "image": "https://thumbs.dreamstime.com/b/pepsi-cola-bebida-em-fundo-preto-kuala-lumpur-malaysia-march-%C3%A9-concorrente-da-coca-drinque-espa%C3%A7o-de-c%C3%B3pia-174848251.jpg",
          "category": "bebidas",
          "status": "ativo"
        }
      ],
      "preco": 27,
      "endereco": "Rua Rainha Maria Stuart, 139 - Vila Regina",
      "cpf": "490.883.748-13",
      "observacao": "",
      "numeroPedido": 44,
      "horario": "2024-11-04T06:26:55.751Z",
      "status": "pedido finalizado",
      "tempo": "0 min",
      "entregador": "Hugo Prado",
      "tempoEstimado": 12
    },
    {
      "id": "45",
      "nomeCliente": "kaioes",
      "itens": [
        {
          "id": "6",
          "name": "Risoto de Camarão",
          "description": "Risoto cremoso com camarões grelhados e ervas.",
          "price": 45,
          "image": "https://www.receiteria.com.br/wp-content/uploads/risoto-de-camarao-14.jpg",
          "category": "porcoes",
          "status": "ativo"
        }
      ],
      "preco": 60,
      "endereco": "Rua Rainha Maria Stuart, 168 - Vila Regina",
      "cpf": "490.883.748-13",
      "observacao": "",
      "numeroPedido": 45,
      "horario": "2024-11-04T06:48:07.763Z",
      "status": "pedido finalizado",
      "tempo": "0 min",
      "entregador": "Hugo Prado",
      "tempoEstimado": 30
    },
    {
      "id": "46",
      "nomeCliente": "kauan",
      "itens": [
        {
          "id": "12",
          "name": "Bife à Cavalo",
          "description": "Bife grelhado com ovo frito por cima.",
          "price": 50,
          "image": "https://s2-receitas.glbimg.com/tHeJvrKQVeIin3PTeGf6AaUcbag=/0x0:1280x805/924x0/smart/filters:strip_icc()/i.s3.glbimg.com/v1/AUTH_e84042ef78cb4708aeebdf1c68c6cbd6/internal_photos/bs/2020/9/E/l4TseUQAqVp32qAFW2AQ/bife-a-cavalo.jpeg",
          "category": "executivos",
          "status": "ativo"
        }
      ],
      "preco": 65,
      "endereco": "Rua Rainha Maria Stuart, 139 - Vila Regina",
      "cpf": "490.883.748-13",
      "observacao": "sem maionese",
      "numeroPedido": 46,
      "horario": "2024-11-04T14:48:18.935Z",
      "status": "não aceito",
      "tempo": "",
      "entregador": ""
    }
  ],
  "cart": [
    {
      "id": 3,
      "name": "camarão",
      "description": "camarão com limão",
      "price": 12,
      "category": "porções",
      "image": "https://www.receiteria.com.br/wp-content/uploads/camarao-frito-capa.png",
      "stock": 1
    },
    {
      "id": 3,
      "name": "camarão",
      "description": "camarão com limão",
      "price": 12,
      "category": "porções",
      "image": "https://www.receiteria.com.br/wp-content/uploads/camarao-frito-capa.png",
      "stock": 1
    }
  ],
  "dishes": [
    {
      "id": "4",
      "name": "Cerveja Artesanal",
      "description": "Cerveja artesanal feita com ingredientes selecionados.",
      "price": 12,
      "image": "https://encrypted-tbn0.gstatic.com/images?q=tbn:ANd9GcSobh2ySv1Tb8IQ__Fgq1nt97xXljAWcc7Klg&s",
      "category": "bebidas",
      "status": "ativo"
    },
    {
      "id": "5",
      "name": "Pepsi",
      "description": "Refrigerante gelado de cola.",
      "price": 12,
      "image": "https://thumbs.dreamstime.com/b/pepsi-cola-bebida-em-fundo-preto-kuala-lumpur-malaysia-march-%C3%A9-concorrente-da-coca-drinque-espa%C3%A7o-de-c%C3%B3pia-174848251.jpg",
      "category": "bebidas",
      "status": "ativo"
    },
    {
      "id": "6",
      "name": "Risoto de Camarão",
      "description": "Risoto cremoso com camarões grelhados e ervas.",
      "price": 45,
      "image": "https://www.receiteria.com.br/wp-content/uploads/risoto-de-camarao-14.jpg",
      "category": "porcoes",
      "status": "ativo"
    },
    {
      "id": "7",
      "name": "Espetinho de Frango",
      "description": "Espetinho grelhado de frango marinado.",
      "price": 25,
      "image": "https://i.panelinha.com.br/i1/228-q-2731-espetinho.webp",
      "category": "porcoes",
      "status": "ativo"
    },
    {
      "id": "8",
      "name": "Margarita",
      "description": "Bebida refrescante à base de tequila, limão e licor de laranja.",
      "price": 18,
      "image": "https://encrypted-tbn0.gstatic.com/images?q=tbn:ANd9GcRmEfi-vrPt3mrLT_cnv0rm2QmncXErIjHifA&s",
      "category": "bebidas",
      "status": "ativo"
    },
    {
      "id": "9",
      "name": "Salada Caesar",
      "description": "Salada com alface, croutons e molho Caesar.",
      "price": 30,
      "image": "https://assets.unileversolutions.com/recipes-v2/179515.jpg",
      "category": "executivos",
      "status": "ativo"
    },
    {
      "id": "10",
      "name": "Tacos",
      "description": "Tortilhas recheadas com carne, guacamole e salsa.",
      "price": 28,
      "image": "https://www.comidaereceitas.com.br/wp-content/uploads/2008/10/Tacos-de-carne-moida.jpg",
      "category": "porcoes",
      "status": "ativo"
    },
    {
      "id": "11",
      "name": "Sangria",
      "description": "Bebida à base de vinho tinto, frutas e especiarias.",
      "price": 22,
      "image": "https://encrypted-tbn0.gstatic.com/images?q=tbn:ANd9GcRX8hVpFM7P2XwyS9mgkG2-8wST16H00ET92A&s",
      "category": "bebidas",
      "status": "ativo"
    },
    {
      "id": "12",
      "name": "Bife à Cavalo",
      "description": "Bife grelhado com ovo frito por cima.",
      "price": 50,
      "image": "https://s2-receitas.glbimg.com/tHeJvrKQVeIin3PTeGf6AaUcbag=/0x0:1280x805/924x0/smart/filters:strip_icc()/i.s3.glbimg.com/v1/AUTH_e84042ef78cb4708aeebdf1c68c6cbd6/internal_photos/bs/2020/9/E/l4TseUQAqVp32qAFW2AQ/bife-a-cavalo.jpeg",
      "category": "executivos",
      "status": "ativo"
    },
    {
      "id": "13",
      "name": "Bolinho de Bacalhau",
      "description": "Tradicional bolinho de bacalhau frito.",
      "price": 18,
      "image": "https://encrypted-tbn0.gstatic.com/images?q=tbn:ANd9GcQBw9VXSjXX5wHejQ-OKMuT6qdCpYITyj3GPA&s",
      "category": "porcoes",
      "status": "ativo"
    },
    {
      "id": "14",
      "name": "Café Expresso",
      "description": "Café expresso forte e aromático.",
      "price": 5,
      "image": "https://cdn.sistemawbuy.com.br/arquivos/f101ef5b9be464a6c8854310ae5f5327/produtos/65bb164199b0d/5fc4fca2a8cea2deb2743064358f7bee-65bb21d8524e1.jpg",
      "category": "bebidas",
      "status": "ativo"
    },
    {
      "id": "15",
      "name": "Lasanha Bolonhesa",
      "description": "Lasanha recheada com carne moída e molho béchamel.",
      "price": 38,
      "image": "https://nextfoodcare.com.br/wp-content/uploads/2021/06/lasanha-3.jpg",
      "category": "executivos",
      "status": "ativo"
    },
    {
      "id": "16",
      "name": "Anéis de Cebola",
      "description": "Porção de anéis de cebola empanados e fritos.",
      "price": 15,
      "image": "https://encrypted-tbn0.gstatic.com/images?q=tbn:ANd9GcTT2lVp8elfWg1tFjvsQqVmYPixLAGt46SMOA&s",
      "category": "porcoes",
      "status": "inativo"
    },
    {
      "id": "17",
      "name": "Suco de Laranja",
      "description": "Suco natural de laranja espremido na hora.",
      "price": 8,
      "image": "https://s3-sa-east-1.amazonaws.com/deliveryon-uploads/products/dorabela/16_5e8cf76d9a4b0.jpg",
      "category": "bebidas",
      "status": "inativo"
    },
    {
      "id": "18",
      "name": "Frutos do Mar Grelhados",
      "description": "Seleção de frutos do mar grelhados com tempero especial.",
      "price": 55,
      "image": "https://img.cybercook.com.br/imagens/receitas/556/macarrao-com-frutos-do-mar-1.jpeg",
      "category": "executivos",
      "status": "inativo"
    },
    {
      "id": "19",
      "name": "Nachos",
      "description": "Tortilhas de milho com queijo e jalapeños.",
      "price": 20,
      "image": "https://content.paodeacucar.com/wp-content/uploads/2020/11/nachos-capa.jpg",
      "category": "porcoes",
      "status": "inativo"
    },
    {
      "id": "20",
      "name": "Pina Colada",
      "description": "Bebida tropical à base de rum, abacaxi e creme de coco.",
      "price": 20,
      "image": "https://p2.trrsf.com/image/fget/cf/1200/900/middle/images.terra.com/2022/09/23/1631063638-receita-pina-colada.jpg",
      "category": "bebidas",
      "status": "inativo"
    },
    {
      "id": "21",
      "name": "Peixe ao Molho de Alcaparras",
      "description": "Filé de peixe grelhado com molho de alcaparras.",
      "price": 48,
      "image": "https://www.comidaereceitas.com.br/wp-content/uploads/2008/05/File-de-peixe-a-belle-meuniere.jpg",
      "category": "executivos",
      "status": "inativo"
    },
    {
      "id": "22",
      "name": "Coxinha",
      "description": "Tradicional coxinha de frango, empanada e frita.",
      "price": 12,
      "image": "https://swiftbr.vteximg.com.br/arquivos/ids/199645-768-768/617666-COXINHA-DE-FRANGO-COM-MANDIOCA-PRE-FRITA-SWIFT-300G.jpg?v=638557794060230000",
      "category": "porcoes",
      "status": "inativo"
    },
    {
      "id": "23",
      "name": "Coca-Cola",
      "description": "Refrigerante gelado de cola.",
      "price": 7,
      "image": "https://www.tabernadorei.com.br/tim.php?src=uploads/adfood/2020/10/19.png&w=1200&h=1080",
      "category": "bebidas",
      "status": "inativo"
    },
    {
      "id": "800",
      "name": "amondega",
      "description": "prato de amondegas",
      "price": 30,
      "image": "https://encrypted-tbn0.gstatic.com/images?q=tbn:ANd9GcSdemp57aT-TAwNYZUcgjULmzpIe6wtAFtAUw&s",
      "category": "executivos",
      "status": "inativo"
    }
  ],
  "entregadores": [
    {
      "id": "1",
      "nome": "Hugo Prado",
      "status": "disponível",
      "cpf": "494.785.860-50"
    },
    {
      "id": "2",
      "nome": "Geraldo Cruz",
      "status": "disponível",
      "cpf": "077.459.370-94"
    },
    {
      "id": "3",
      "nome": "Claudinei Santos",
      "status": "disponível",
      "cpf": "290.664.810-80"
    }
  ]
}